City_ID,City,Country,Date,Lat,Lng,Max Temp,Humidity,Cloudiness,Wind Speed
0,Kapaa,US,2022-06-08 17:10:02,22.0752,-159.319,73.72,91,20,8.05
1,Bluff,NZ,2022-06-08 17:10:03,-46.6,168.3333,39.79,87,94,3.38
2,Souillac,MU,2022-06-08 17:10:03,-20.5167,57.5167,71.56,84,15,6.58
3,Kodiak,US,2022-06-08 17:06:11,57.79,-152.4072,53.11,71,100,9.22
4,Mirebalais,HT,2022-06-08 17:10:04,18.8333,-72.1053,92.12,34,60,0.4
5,Ishigaki,JP,2022-06-08 17:10:04,24.3448,124.1572,78.53,84,100,11.32
6,Gao,ML,2022-06-08 17:10:05,16.6362,1.637,104.31,11,22,6.87
7,Shimoda,JP,2022-06-08 17:10:05,34.6667,138.95,61.11,89,63,9.95
8,Castro,BR,2022-06-08 17:10:05,-24.7911,-50.0119,61.81,77,99,1.81
9,Busselton,AU,2022-06-08 17:10:06,-33.65,115.3333,61.03,56,83,15.39
10,Bethel,US,2022-06-08 17:10:06,41.3712,-73.414,80.87,51,0,7.0
11,Butaritari,KI,2022-06-08 17:10:06,3.0707,172.7902,81.57,76,31,10.89
12,Rikitea,PF,2022-06-08 17:10:07,-23.1203,-134.9692,72.9,66,100,15.08
13,Ranfurly,NZ,2022-06-08 17:10:07,-45.1333,170.1,37.44,91,64,4.41
14,Cayenne,GF,2022-06-08 17:10:07,4.9333,-52.3333,87.84,30,88,14.97
15,Severo-Kurilsk,RU,2022-06-08 17:10:07,50.6789,156.125,42.58,86,100,7.78
16,San Cristobal,VE,2022-06-08 17:06:21,7.7669,-72.225,78.98,55,68,7.29
17,Beni Suef,EG,2022-06-08 17:10:08,29.0731,31.0979,94.6,18,0,9.53
18,Bintulu,MY,2022-06-08 17:10:08,3.1667,113.0333,78.19,85,91,1.92
19,Nanortalik,GL,2022-06-08 17:10:09,60.1432,-45.2371,39.56,83,92,2.44
20,Faanui,PF,2022-06-08 17:10:09,-16.4833,-151.75,80.42,69,17,10.98
21,Ponta Delgada,PT,2022-06-08 17:10:09,37.7333,-25.6667,68.72,88,75,9.22
22,Sola,VU,2022-06-08 17:10:10,-13.8833,167.55,80.02,76,96,14.27
23,Malindi,KE,2022-06-08 17:06:27,-3.2175,40.1191,78.66,79,88,17.2
24,Punta Arenas,CL,2022-06-08 17:10:10,-53.15,-70.9167,39.31,87,40,11.5
25,Jamestown,US,2022-06-08 17:10:10,42.097,-79.2353,69.06,52,40,8.05
26,Ushuaia,AR,2022-06-08 17:06:38,-54.8,-68.3,40.66,93,100,2.3
27,Mataura,NZ,2022-06-08 17:10:11,-46.1927,168.8643,39.47,99,94,2.15
28,Romodanovo,RU,2022-06-08 17:10:11,54.4275,45.3296,57.51,82,99,11.01
29,Kaitangata,NZ,2022-06-08 17:10:11,-46.2817,169.8464,42.37,95,94,5.46
30,Port Alfred,ZA,2022-06-08 17:10:12,-33.5906,26.891,67.78,52,0,10.33
31,Aklavik,CA,2022-06-08 17:10:12,68.2191,-135.0107,35.89,76,100,12.28
32,Cape Town,ZA,2022-06-08 17:10:12,-33.9258,18.4232,68.88,67,0,3.0
33,Jumla,NP,2022-06-08 17:10:13,29.2747,82.1838,62.24,69,72,3.11
34,Beyneu,KZ,2022-06-08 17:10:13,45.3167,55.2,79.68,20,2,10.76
35,Rio Gallegos,AR,2022-06-08 17:10:13,-51.6226,-69.2181,41.05,70,75,8.05
36,Bambous Virieux,MU,2022-06-08 17:10:14,-20.3428,57.7575,71.22,76,10,7.78
37,Kruisfontein,ZA,2022-06-08 17:10:14,-34.0033,24.7314,69.89,30,0,7.36
38,Norman Wells,CA,2022-06-08 17:07:23,65.282,-126.8329,49.55,64,100,3.44
39,Talnakh,RU,2022-06-08 17:10:14,69.4865,88.3972,38.21,92,98,2.98
40,Ahtopol,BG,2022-06-08 17:10:15,42.1,27.95,64.42,87,83,6.6
41,Clyde River,CA,2022-06-08 17:10:15,70.4692,-68.5914,34.03,100,100,9.22
42,Lavrentiya,RU,2022-06-08 17:10:15,65.5833,-171.0,37.06,72,12,10.09
43,Saint-Pierre,RE,2022-06-08 17:10:16,-21.3393,55.4781,71.28,83,75,6.91
44,Abomsa,ET,2022-06-08 17:10:16,9.9833,39.9833,81.95,23,25,2.91
45,Trojan,PL,2022-06-08 17:10:16,53.7897,20.2404,68.22,74,100,0.47
46,Zimovniki,RU,2022-06-08 17:10:17,47.1483,42.4633,68.94,50,68,7.78
47,Uzhur,RU,2022-06-08 17:11:17,55.3036,89.8339,37.85,89,12,4.41
48,Hithadhoo,MV,2022-06-08 17:11:17,-0.6,73.0833,83.37,70,100,6.73
49,Muros,ES,2022-06-08 17:11:18,42.7762,-9.0603,72.09,84,99,3.91
50,Longyearbyen,SJ,2022-06-08 17:11:18,78.2186,15.6401,39.04,93,75,5.75
51,Husavik,IS,2022-06-08 17:11:18,66.0449,-17.3389,49.48,83,98,4.92
52,Vestmannaeyjar,IS,2022-06-08 17:11:19,63.4427,-20.2734,50.83,78,99,20.38
53,Atbasar,KZ,2022-06-08 17:11:19,51.8,68.3333,66.45,40,63,7.94
54,Olafsvik,IS,2022-06-08 17:11:19,64.8945,-23.7142,51.69,78,80,4.54
55,Leningradskiy,RU,2022-06-08 17:11:20,69.3833,178.4167,32.97,73,4,11.5
56,Geraldton,AU,2022-06-08 17:11:20,-28.7667,114.6,63.01,94,100,6.91
57,Kavaratti,IN,2022-06-08 17:11:20,10.5669,72.642,82.98,76,30,13.51
58,Arraial Do Cabo,BR,2022-06-08 17:11:20,-22.9661,-42.0278,75.06,78,75,11.5
59,Dingle,PH,2022-06-08 17:11:21,10.9995,122.6711,78.12,86,100,3.02
60,Tasiilaq,GL,2022-06-08 17:11:21,65.6145,-37.6368,39.36,71,10,2.26
61,Platteville,US,2022-06-08 17:11:21,42.7342,-90.4785,60.89,100,100,14.97
62,Sitka,US,2022-06-08 17:10:44,57.0531,-135.33,60.69,55,75,9.22
63,East London,ZA,2022-06-08 17:09:23,-33.0153,27.9116,67.82,66,0,9.13
64,Ancud,CL,2022-06-08 17:11:22,-41.8697,-73.8203,51.94,85,100,21.27
65,Bodo,NO,2022-06-08 17:11:22,67.28,14.405,52.65,66,20,14.97
66,Tigil,RU,2022-06-08 17:11:23,57.8,158.6667,44.33,89,100,3.29
67,Shiraoi,JP,2022-06-08 17:11:23,42.55,141.35,49.21,86,88,4.65
68,Ribeira Grande,PT,2022-06-08 17:11:23,38.5167,-28.7,68.4,88,75,10.36
69,Elesbao Veloso,BR,2022-06-08 17:11:24,-6.2019,-42.1403,92.93,37,63,2.08
70,Albany,US,2022-06-08 17:09:54,42.6001,-73.9662,72.95,56,58,1.01
71,Avarua,CK,2022-06-08 17:11:24,-21.2078,-159.775,66.25,100,16,1.14
72,Thompson,CA,2022-06-08 17:11:24,55.7435,-97.8558,64.24,47,75,5.97
73,Port-Gentil,GA,2022-06-08 17:11:25,-0.7193,8.7815,80.56,69,20,5.75
74,Tilichiki,RU,2022-06-08 17:11:25,60.4667,166.1,39.78,92,92,1.72
75,Hilo,US,2022-06-08 17:06:51,19.7297,-155.09,82.27,71,100,6.91
76,Hermanus,ZA,2022-06-08 17:11:25,-34.4187,19.2345,65.8,60,16,15.32
77,New Norfolk,AU,2022-06-08 17:11:26,-42.7826,147.0587,45.9,79,81,5.01
78,Cap-Aux-Meules,CA,2022-06-08 17:11:26,47.3821,-61.8597,53.65,66,100,10.36
79,Gravdal,NO,2022-06-08 17:11:26,68.1214,13.5031,46.29,76,75,12.66
80,Yuzhou,CN,2022-06-08 17:11:27,34.1628,113.4639,77.81,60,22,6.73
81,Hervey Bay,AU,2022-06-08 17:11:27,-25.2986,152.8535,47.01,76,0,4.0
82,Atuona,PF,2022-06-08 17:11:27,-9.8,-139.0333,78.19,72,21,18.63
83,Qaanaaq,GL,2022-06-08 17:11:28,77.484,-69.3632,31.21,83,99,2.62
84,Vila Franca Do Campo,PT,2022-06-08 17:11:28,37.7167,-25.4333,68.41,72,69,7.74
85,Mehamn,NO,2022-06-08 17:11:28,71.0357,27.8492,51.71,70,41,28.52
86,Osypenko,UA,2022-06-08 17:11:28,46.9136,36.8253,70.88,59,66,9.22
87,Chara,RU,2022-06-08 17:11:29,56.9064,118.2631,53.29,87,86,1.03
88,Aksarka,RU,2022-06-08 17:11:29,66.5606,67.7975,64.18,41,51,9.44
89,Rafai,CF,2022-06-08 17:11:29,4.95,23.9167,68.56,97,99,4.45
90,Beidao,CN,2022-06-08 17:11:30,34.5686,105.8933,64.69,86,87,4.03
91,Nizhniy Odes,RU,2022-06-08 17:11:30,63.6445,54.856,61.99,36,44,4.16
92,Pong,TH,2022-06-08 17:12:30,19.1493,100.2752,73.83,96,100,2.64
93,Mar Del Plata,AR,2022-06-08 17:09:26,-38.0023,-57.5575,62.94,50,4,1.01
94,Bereda,ES,2022-06-08 17:12:31,43.2686,-7.5406,67.41,98,100,2.55
95,Trairi,BR,2022-06-08 17:11:02,-3.2778,-39.2689,82.98,66,84,9.46
96,Saskylakh,RU,2022-06-08 17:12:31,71.9167,114.0833,50.83,80,5,8.21
97,Atar,MR,2022-06-08 17:12:32,20.5169,-13.0499,107.22,12,2,10.31
98,Namibe,AO,2022-06-08 17:12:32,-15.1961,12.1522,76.1,52,16,7.54
99,Renqiu,CN,2022-06-08 17:12:32,38.6989,116.0936,64.04,79,28,7.34
100,Tuktoyaktuk,CA,2022-06-08 17:12:33,69.4541,-133.0374,26.6,86,100,11.5
101,Montlucon,FR,2022-06-08 17:12:33,46.3333,2.6,68.7,81,23,5.01
102,Henties Bay,NA,2022-06-08 17:12:33,-22.116,14.2845,66.2,60,0,12.15
103,Avera,US,2022-06-08 17:12:33,33.194,-82.5271,87.31,52,78,13.91
104,Okha,RU,2022-06-08 17:12:34,53.5739,142.9478,40.48,97,100,9.28
105,Kavieng,PG,2022-06-08 17:12:34,-2.5744,150.7967,81.03,66,92,7.56
106,Bilma,NE,2022-06-08 17:12:34,18.6853,12.9164,98.96,8,73,5.12
107,Fairbanks,US,2022-06-08 17:11:41,64.8378,-147.7164,55.36,52,0,14.97
108,Nemuro,JP,2022-06-08 17:12:35,43.3236,145.575,46.4,90,83,8.34
109,Mitsamiouli,KM,2022-06-08 17:12:35,-11.3847,43.2844,78.82,75,27,15.46
110,Yar-Sale,RU,2022-06-08 17:12:35,66.8333,70.8333,49.51,47,48,9.8
111,Saint-Philippe,RE,2022-06-08 17:12:36,-21.3585,55.7679,71.19,84,65,9.8
112,Bengkulu,ID,2022-06-08 17:12:36,-3.8004,102.2655,75.54,92,100,6.67
113,Ahipara,NZ,2022-06-08 17:12:36,-35.1667,173.1667,60.21,88,100,10.94
114,Yellowknife,CA,2022-06-08 17:12:37,62.456,-114.3525,64.56,45,38,11.99
115,Hobart,AU,2022-06-08 17:12:37,-42.8794,147.3294,46.26,74,40,18.41
116,Puerto Ayora,EC,2022-06-08 17:12:37,-0.7393,-90.3518,80.56,88,99,5.99
117,Ninotsminda,GE,2022-06-08 17:12:38,41.2646,43.5916,51.17,93,95,4.52
118,Sovetskiy,RU,2022-06-08 17:12:38,61.3614,63.5842,49.87,93,100,10.96
119,Coari,BR,2022-06-08 17:12:38,-4.085,-63.1414,89.64,52,81,2.28
120,Ulladulla,AU,2022-06-08 17:12:39,-35.35,150.4667,38.77,79,3,8.81
121,Lavumisa,SZ,2022-06-08 17:12:39,-27.31,31.892,60.39,68,0,3.09
122,Vaini,TO,2022-06-08 17:12:39,-21.2,-175.2,71.76,88,40,3.44
123,Faya,SA,2022-06-08 17:12:39,18.3851,42.4509,72.12,47,92,4.14
124,Broome,US,2022-06-08 17:12:40,42.2506,-75.833,71.55,60,100,8.05
125,Vanavara,RU,2022-06-08 17:12:40,60.34,102.2797,47.28,64,40,3.13
126,Road Town,VG,2022-06-08 17:12:29,18.4167,-64.6167,86.04,66,40,10.36
127,Marzuq,YE,2022-06-08 17:12:40,14.4,46.4667,81.79,47,55,8.48
128,Roslyakovo,RU,2022-06-08 17:12:41,69.043,33.1991,63.32,37,73,7.0
129,Yalta,UA,2022-06-08 17:12:41,44.5,34.1667,68.49,75,94,5.21
130,Klaksvik,FO,2022-06-08 17:12:41,62.2266,-6.589,54.52,75,100,21.65
131,Bredasdorp,ZA,2022-06-08 17:12:42,-34.5322,20.0403,63.97,46,21,6.17
132,Sandur,IN,2022-06-08 17:12:42,15.1,76.55,79.14,71,11,22.48
133,Zyryanka,RU,2022-06-08 17:12:42,65.75,150.85,40.28,71,55,4.94
134,Fortuna,US,2022-06-08 17:12:43,40.5982,-124.1573,67.93,71,0,10.36
135,Isakly,RU,2022-06-08 17:12:43,54.1333,51.5333,51.01,97,100,12.59
136,Laguna,US,2022-06-08 17:12:04,38.421,-121.4238,79.32,39,0,8.05
137,Madinat Sittah Uktubar,EG,2022-06-08 17:12:43,29.8167,31.05,92.8,22,0,12.19
138,Ukiah,US,2022-06-08 17:12:44,39.1502,-123.2078,75.36,52,0,3.44
139,Tolaga Bay,NZ,2022-06-08 17:12:44,-38.3667,178.3,55.67,81,100,5.19
140,Merke,KZ,2022-06-08 17:13:44,42.8728,73.1786,71.71,50,100,9.55
141,Khatanga,RU,2022-06-08 17:13:44,71.9667,102.5,44.2,83,100,12.33
142,North Battleford,CA,2022-06-08 17:10:14,52.7834,-108.2847,70.41,42,67,6.11
143,Vilyuysk,RU,2022-06-08 17:13:45,63.7553,121.6247,57.0,90,82,3.91
144,Vao,NC,2022-06-08 17:13:45,-22.6667,167.4833,76.73,78,99,19.98
145,Forbes,AU,2022-06-08 17:13:46,-33.3833,148.0167,38.61,80,7,6.46
146,Coihaique,CL,2022-06-08 17:10:02,-45.5752,-72.0662,43.41,87,75,4.61
147,Salalah,OM,2022-06-08 17:13:46,17.0151,54.0924,84.29,79,40,4.61
148,Semiluki,RU,2022-06-08 17:13:46,51.6853,39.0279,72.05,33,0,2.24
149,Marawi,PH,2022-06-08 17:13:47,7.9986,124.2928,69.42,93,100,3.69
150,Cidreira,BR,2022-06-08 17:13:47,-30.1811,-50.2056,65.59,75,20,10.49
151,Mahibadhoo,MV,2022-06-08 17:13:47,3.7833,72.9667,82.4,75,96,8.5
152,Zeya,RU,2022-06-08 17:13:47,53.75,127.2667,55.53,90,48,3.0
153,Highland,US,2022-06-08 17:13:48,34.1283,-117.2086,101.08,40,0,0.0
154,Baykit,RU,2022-06-08 17:13:48,61.67,96.37,49.51,74,85,2.68
155,Isla Mujeres,MX,2022-06-08 17:13:48,21.2311,-86.731,86.16,75,100,13.2
156,Yeppoon,AU,2022-06-08 17:13:49,-23.1333,150.7333,46.18,64,0,10.11
157,Shubarshi,KZ,2022-06-08 17:13:49,48.5872,57.1869,64.35,35,4,7.02
158,Acajutla,SV,2022-06-08 17:13:49,13.5928,-89.8275,82.71,70,100,5.77
159,Georgetown,MY,2022-06-08 17:13:50,5.4112,100.3354,82.33,89,20,0.0
160,Saint Anthony,US,2022-06-08 17:08:58,45.0205,-93.218,75.81,42,20,11.5
161,Shahr-E Babak,IR,2022-06-08 17:13:50,30.1165,55.1186,84.06,13,24,12.03
162,Maturin,VE,2022-06-08 17:13:50,9.75,-63.1767,81.61,69,89,8.16
163,Port Elizabeth,ZA,2022-06-08 17:13:51,-33.918,25.5701,72.1,50,0,1.01
164,Damghan,IR,2022-06-08 17:13:51,36.1683,54.348,84.6,23,64,8.55
165,Omboue,GA,2022-06-08 17:13:51,-1.5746,9.2618,76.5,81,98,4.88
166,Axim,GH,2022-06-08 17:13:52,4.8699,-2.2405,81.77,68,59,8.25
167,Killarney,IE,2022-06-08 17:13:52,52.05,-9.5167,59.05,72,75,25.32
168,Lebu,CL,2022-06-08 17:13:52,-37.6167,-73.65,53.94,86,81,8.72
169,Panaba,MX,2022-06-08 17:13:53,21.2833,-88.2667,90.75,48,100,11.56
170,Catamarca,AR,2022-06-08 17:13:53,-28.4696,-65.7852,77.58,44,100,4.0
171,Beloha,MG,2022-06-08 17:13:53,-25.1667,45.05,65.23,58,94,8.66
172,Moranbah,AU,2022-06-08 17:11:08,-22.0016,148.0466,49.28,60,0,10.0
173,Itarema,BR,2022-06-08 17:13:54,-2.9248,-39.9167,83.03,69,65,11.16
174,Bilibino,RU,2022-06-08 17:13:54,68.0546,166.4372,50.4,71,99,4.27
175,Andenes,NO,2022-06-08 17:13:54,69.3143,16.1194,44.58,81,75,14.97
176,Cabo San Lucas,MX,2022-06-08 17:09:17,22.8909,-109.9124,88.9,74,0,8.05
177,Iqaluit,CA,2022-06-08 17:13:55,63.7506,-68.5145,50.72,39,54,5.99
178,Salinopolis,BR,2022-06-08 17:13:55,-0.6136,-47.3561,81.54,82,90,8.84
179,Vanimo,PG,2022-06-08 17:13:55,-2.6741,141.3028,77.25,88,99,4.43
180,Hualmay,PE,2022-06-08 17:13:56,-11.0964,-77.6139,67.69,75,51,9.6
181,Narsaq,GL,2022-06-08 17:13:56,60.9167,-46.05,61.02,60,99,6.58
182,Quatre Cocos,MU,2022-06-08 17:13:56,-20.2078,57.7625,71.1,75,4,8.23
183,Uyemskiy,RU,2022-06-08 17:13:57,64.4743,40.8524,69.85,35,0,2.24
184,Asau,RO,2022-06-08 17:14:57,46.4333,26.4,74.32,60,51,3.36
185,Yulara,AU,2022-06-08 17:14:57,-25.2406,130.9889,47.53,59,3,9.19
186,Porto Tolle,IT,2022-06-08 17:14:57,44.9497,12.3245,76.03,66,98,7.58
187,Imbituba,BR,2022-06-08 17:14:58,-28.24,-48.6703,68.09,84,83,3.0
188,Mount Gambier,AU,2022-06-08 17:14:58,-37.8333,140.7667,50.09,77,100,10.94
189,Takab,IR,2022-06-08 17:14:58,36.4009,47.1133,66.97,27,0,15.23
190,La Ronge,CA,2022-06-08 17:14:59,55.1001,-105.2842,68.25,32,20,8.05
191,Djibo,BF,2022-06-08 17:14:59,14.1022,-1.6306,101.3,19,0,8.95
192,Los Llanos De Aridane,ES,2022-06-08 17:14:59,28.6585,-17.9182,71.35,69,0,16.11
193,Talipan,PH,2022-06-08 17:15:00,13.9333,121.6833,80.15,88,100,2.17
194,Naze,JP,2022-06-08 17:15:00,28.3667,129.4833,69.6,86,56,3.58
195,Am Timan,TD,2022-06-08 17:15:00,11.0297,20.2827,88.41,38,88,3.11
196,Dikson,RU,2022-06-08 17:15:00,73.5069,80.5464,28.85,93,7,5.32
197,Camargo,MX,2022-06-08 17:15:01,27.6667,-105.1667,90.68,20,82,5.5
198,Plettenberg Bay,ZA,2022-06-08 17:15:01,-34.0527,23.3716,67.51,45,0,4.99
199,Isangel,VU,2022-06-08 17:15:02,-19.55,169.2667,75.34,75,100,7.85
200,Ponta Do Sol,PT,2022-06-08 17:15:02,32.6667,-17.1,81.72,73,0,4.12
201,Necochea,AR,2022-06-08 17:15:02,-38.5473,-58.7368,61.97,43,1,9.69
202,Gigmoto,PH,2022-06-08 17:15:03,13.7796,124.39,81.27,82,94,5.75
203,Gloversville,US,2022-06-08 17:15:03,43.0528,-74.3438,71.19,77,100,9.22
204,Lipin Bor,RU,2022-06-08 17:15:03,60.2622,37.9763,56.32,56,69,2.53
205,Rusape,ZW,2022-06-08 17:15:04,-18.5278,32.1284,54.23,69,99,6.4
206,Vardo,NO,2022-06-08 17:15:04,70.3705,31.1107,48.18,71,0,6.91
207,Trabzon,TR,2022-06-08 17:15:04,40.9167,39.8333,64.49,100,75,2.3
208,Victoria,HK,2022-06-08 17:10:53,22.2855,114.1577,80.65,91,100,5.99
209,Cervignano Del Friuli,IT,2022-06-08 17:15:05,45.8211,13.3381,80.67,48,31,4.61
210,Barberton,ZA,2022-06-08 17:15:05,-25.7884,31.0532,57.25,59,0,1.21
211,Palmerston North,NZ,2022-06-08 17:15:05,-40.35,175.6167,55.06,90,87,1.01
212,Nikolskoye,RU,2022-06-08 17:15:06,59.7035,30.7861,71.49,88,100,2.82
213,Havelock,US,2022-06-08 17:13:59,34.8791,-76.9013,87.96,73,76,5.01
214,Tsiroanomandidy,MG,2022-06-08 17:15:06,-18.7667,46.0333,65.12,66,7,3.04
215,Raudeberg,NO,2022-06-08 17:15:06,61.9875,5.1352,56.07,79,71,23.47
216,Duverge,DO,2022-06-08 17:15:07,18.3784,-71.5247,95.72,36,31,10.29
217,Hohhot,CN,2022-06-08 17:15:07,40.8106,111.6522,65.25,27,29,6.4
218,Lagoa,PT,2022-06-08 17:15:07,39.05,-27.9833,65.39,87,22,22.17
219,Rio Branco,BR,2022-06-08 17:10:26,-9.9747,-67.81,88.41,66,75,4.61
220,Samarai,PG,2022-06-08 17:15:08,-10.6167,150.6667,81.1,78,96,6.13
221,Chuy,UY,2022-06-08 17:15:08,-33.6971,-53.4616,63.66,67,83,4.43
222,Quelimane,MZ,2022-06-08 17:15:08,-17.8786,36.8883,71.55,88,40,10.36
223,Porto Novo,BJ,2022-06-08 17:15:09,6.4965,2.6036,85.82,73,91,10.49
224,Airai,TL,2022-06-08 17:15:09,-8.9266,125.4092,59.65,96,65,3.18
225,Linguere,SN,2022-06-08 17:15:10,15.3953,-15.1193,103.59,24,63,7.25
226,Baker City,US,2022-06-08 17:15:10,44.7749,-117.8344,62.31,73,100,6.91
227,Ambon,ID,2022-06-08 17:15:10,-3.6954,128.1814,80.69,79,66,5.53
228,Paungde,MM,2022-06-08 17:15:10,18.4833,95.5,76.87,90,100,11.12
229,Chokurdakh,RU,2022-06-08 17:15:11,70.6333,147.9167,37.74,74,22,10.4
230,Rumoi,JP,2022-06-08 17:15:11,43.9344,141.6428,46.06,92,52,6.22
231,Simbahan,PH,2022-06-08 17:16:11,6.3032,120.5836,83.93,70,63,6.73
232,Spirovo,RU,2022-06-08 17:16:12,57.419,34.9766,61.88,64,73,4.94
233,Alofi,NU,2022-06-08 17:16:12,-19.0595,-169.9187,67.89,94,42,5.75
234,Phek,IN,2022-06-08 17:16:12,25.6667,94.5,60.87,100,100,0.96
235,Kiama,AU,2022-06-08 17:16:13,-34.6833,150.8667,51.39,66,9,10.0
236,Makakilo City,US,2022-06-08 17:16:13,21.3469,-158.0858,75.52,71,0,9.22
237,Qujing,CN,2022-06-08 17:16:13,25.4833,103.7833,62.55,95,100,0.54
238,Neuquen,AR,2022-06-08 17:12:19,-38.9516,-68.0591,55.29,54,0,4.61
239,Tevaitoa,PF,2022-06-08 17:16:14,-16.7833,-151.5,80.44,71,22,11.12
240,Akdepe,TM,2022-06-08 17:16:14,42.0551,59.3788,82.49,27,7,17.29
241,Novaya Bryan,RU,2022-06-08 17:16:14,51.7159,108.2691,41.38,89,38,1.86
242,Provideniya,RU,2022-06-08 17:16:15,64.3833,-173.3,44.65,55,18,6.76
243,Joensuu,FI,2022-06-08 17:16:15,62.6012,29.7632,59.49,67,100,10.36
244,Nalagarh,IN,2022-06-08 17:16:15,31.05,76.7167,94.82,14,50,5.41
245,Ito,JP,2022-06-08 17:16:15,34.9667,139.0833,59.68,96,99,7.81
246,Constitucion,CL,2022-06-08 17:16:16,-35.3333,-72.4167,57.36,77,91,5.37
247,Nishihara,JP,2022-06-08 17:12:46,26.1842,127.7558,74.48,83,75,4.61
248,Grand Island,US,2022-06-08 17:15:35,40.925,-98.342,71.55,58,0,14.97
249,Torbay,CA,2022-06-08 17:16:16,47.6666,-52.7314,55.27,70,20,9.22
250,Maniitsoq,GL,2022-06-08 17:16:17,65.4167,-52.9,40.82,68,1,2.28
251,Redmond,US,2022-06-08 17:12:52,47.674,-122.1215,65.16,70,99,10.0
252,Black River,JM,2022-06-08 17:16:17,18.0264,-77.8487,89.24,56,70,19.33
253,Alpena,US,2022-06-08 17:16:17,45.0617,-83.4327,62.85,76,32,5.01
254,Ures,MX,2022-06-08 17:16:18,29.4333,-110.4,94.71,22,91,4.63
255,Oistins,BB,2022-06-08 17:16:18,13.0667,-59.5333,87.89,66,40,21.85
256,Barrow,US,2022-06-08 17:16:18,71.2906,-156.7887,24.82,86,100,8.05
257,Sonqor,IR,2022-06-08 17:16:19,34.7837,47.6004,66.97,26,0,4.16
258,Carnarvon,AU,2022-06-08 17:16:19,-24.8667,113.6333,62.67,94,75,6.91
259,Tiksi,RU,2022-06-08 17:16:19,71.6872,128.8694,39.36,71,39,4.88
260,Saint George,US,2022-06-08 17:12:02,37.1041,-113.5841,93.63,18,0,3.44
261,Mizdah,LY,2022-06-08 17:16:20,31.4451,12.9801,97.48,15,3,12.19
262,San Patricio,US,2022-06-08 17:16:20,28.017,-97.5169,93.07,39,8,14.9
263,Nuuk,GL,2022-06-08 17:16:20,64.1835,-51.7216,54.21,47,0,5.75
264,San Joaquin,US,2022-06-08 17:16:20,37.9333,-121.3011,79.99,40,0,4.61
265,Hami,CN,2022-06-08 17:16:21,42.8,93.45,78.13,10,0,11.59
266,Vung Tau,VN,2022-06-08 17:14:53,10.346,107.0843,83.35,77,99,8.88
267,Broken Hill,AU,2022-06-08 17:16:21,-31.95,141.4333,44.87,68,35,6.46
268,Kabo,CF,2022-06-08 17:16:22,7.6994,18.629,74.52,84,100,5.57
269,Venado Tuerto,AR,2022-06-08 17:16:22,-33.7456,-61.9688,68.2,36,5,7.25
270,Shenavan,AM,2022-06-08 17:16:22,40.0549,43.9288,81.18,28,75,10.36
271,Belyy Yar,RU,2022-06-08 17:16:22,53.6039,91.3903,49.89,66,40,8.95
272,Dakar,SN,2022-06-08 17:14:04,14.6937,-17.4441,85.08,86,59,11.5
273,Cabedelo,BR,2022-06-08 17:11:25,-6.9811,-34.8339,84.87,76,92,10.74
274,Batemans Bay,AU,2022-06-08 17:16:23,-35.7167,150.1833,40.01,79,7,6.58
275,Russell,US,2022-06-08 17:16:23,32.3502,-85.1999,81.68,88,40,3.44
276,Rawson,AR,2022-06-08 17:16:24,-43.3002,-65.1023,59.74,38,41,19.82
277,Pisco,PE,2022-06-08 17:14:51,-13.7,-76.2167,66.25,72,100,6.91
278,Karratha,AU,2022-06-08 17:16:24,-20.7377,116.8463,72.41,50,100,10.45
279,Luoyang,CN,2022-06-08 17:17:24,34.6836,112.4536,80.83,31,37,13.0
280,Kamaishi,JP,2022-06-08 17:17:25,39.2667,141.8833,52.2,90,97,4.47
281,Suoyarvi,RU,2022-06-08 17:17:25,62.0833,32.35,59.11,60,100,6.89
282,Viedma,AR,2022-06-08 17:17:25,-40.8135,-62.9967,61.43,39,77,21.25
283,Kushiro,JP,2022-06-08 17:12:56,42.975,144.3747,44.42,91,55,5.32
284,Yanji,CN,2022-06-08 17:17:26,42.9075,129.5078,46.81,85,38,0.67
285,Beringovskiy,RU,2022-06-08 17:17:26,63.05,179.3167,37.45,74,5,10.71
286,Sungaipenuh,ID,2022-06-08 17:17:26,-2.0833,101.3833,63.77,98,100,1.54
287,Kutum,SD,2022-06-08 17:17:27,14.2,24.6667,85.21,26,100,3.91
288,Cherskiy,RU,2022-06-08 17:17:27,68.75,161.3,50.58,69,85,6.64
289,Coquimbo,CL,2022-06-08 17:17:27,-29.9533,-71.3436,58.73,72,75,2.3
290,Lityn,UA,2022-06-08 17:17:27,49.3251,28.0809,68.2,73,56,8.12
291,Pevek,RU,2022-06-08 17:17:28,69.7008,170.3133,39.18,71,48,2.17
292,Larsnes,NO,2022-06-08 17:17:28,62.2028,5.5773,66.61,75,89,15.35
293,Veraval,IN,2022-06-08 17:17:28,20.9,70.3667,84.76,82,1,11.65
294,Ankang,CN,2022-06-08 17:17:29,32.68,109.0172,70.47,82,34,1.32
295,Novyy Urengoy,RU,2022-06-08 17:17:29,66.0833,76.6333,55.36,41,6,7.11
296,Doha,QA,2022-06-08 17:17:29,25.2867,51.5333,97.11,46,0,3.44
297,Mbuji-Mayi,CD,2022-06-08 17:17:30,-6.15,23.6,77.5,34,2,3.36
298,Sao Joao Da Barra,BR,2022-06-08 17:17:30,-21.6403,-41.0511,86.09,57,50,7.56
299,Bereznik,RU,2022-06-08 17:17:30,62.8551,42.7072,64.35,62,21,3.8
300,Ceres,US,2022-06-08 17:13:02,37.5949,-120.9577,81.05,48,0,9.22
301,Bairiki,KI,2022-06-08 17:17:31,1.3292,172.9752,78.8,78,20,8.05
302,Lorengau,PG,2022-06-08 17:17:31,-2.0226,147.2712,81.41,77,65,7.74
303,Brokopondo,SR,2022-06-08 17:17:31,4.75,-55.1667,84.83,62,58,3.76
304,Moose Factory,CA,2022-06-08 17:17:32,51.2585,-80.6094,64.4,59,67,10.36
305,Roald,NO,2022-06-08 17:17:32,62.5833,6.1333,64.17,71,100,23.02
306,Dewas,IN,2022-06-08 17:17:32,22.9667,76.0667,93.09,28,6,9.26
307,Upernavik,GL,2022-06-08 17:17:33,72.7868,-56.1549,33.48,91,100,7.63
308,Puerto Ayacucho,VE,2022-06-08 17:17:33,5.6639,-67.6236,80.64,78,92,3.38
309,Fort Nelson,CA,2022-06-08 17:15:12,58.8053,-122.7002,65.79,63,75,0.0
310,Taltal,CL,2022-06-08 17:17:33,-25.4,-70.4833,63.16,71,1,5.64
311,Verdun,FR,2022-06-08 17:17:34,49.25,5.3333,62.17,95,97,8.46
312,Junction City,US,2022-06-08 17:17:34,39.0286,-96.8314,73.62,67,20,13.8
313,Potosi,BO,2022-06-08 17:17:34,-19.5836,-65.7531,50.86,35,0,5.75
314,College,US,2022-06-08 17:17:35,64.8569,-147.8028,55.35,51,40,14.97
315,Piacabucu,BR,2022-06-08 17:17:35,-10.4056,-36.4344,79.34,79,19,8.19
316,Morristown,US,2022-06-08 17:17:35,36.214,-83.2949,81.7,40,75,10.36
317,Paldiski,EE,2022-06-08 17:17:36,59.3567,24.0531,64.4,68,0,2.3
318,Pinawa,CA,2022-06-08 17:17:36,50.1489,-95.8811,66.0,35,63,9.28
319,Szczecin,PL,2022-06-08 17:17:36,53.4289,14.553,73.54,77,51,8.01
320,Iranshahr,IR,2022-06-08 17:17:36,27.2025,60.6848,106.14,9,0,16.11
321,Camacha,PT,2022-06-08 17:17:37,33.0833,-16.3333,67.42,78,75,12.66
322,Cotonou,BJ,2022-06-08 17:15:10,6.3654,2.4183,85.98,74,20,16.11
323,Formosa,AR,2022-06-08 17:17:37,-26.1775,-58.1781,64.38,88,100,5.75
324,Port Lincoln,AU,2022-06-08 17:17:37,-34.7333,135.8667,54.77,66,52,7.43
325,Cozumel,MX,2022-06-08 17:17:38,20.5083,-86.9458,87.94,76,75,17.27
326,Yerbogachen,RU,2022-06-08 17:18:38,61.2767,108.0108,42.22,78,73,1.57
327,Ballina,AU,2022-06-08 17:18:38,-28.8667,153.5667,43.79,70,0,8.97
328,Brekstad,NO,2022-06-08 17:18:39,63.687,9.6654,55.99,71,40,16.11
329,Horta,PT,2022-06-08 17:18:39,38.5333,-28.6333,67.64,88,75,8.05
330,Lasa,IT,2022-06-08 17:18:39,46.6166,10.7002,68.68,80,100,2.73
331,Islamkot,PK,2022-06-08 17:18:40,24.6997,70.177,82.38,75,0,20.58
332,Raga,SS,2022-06-08 17:18:40,8.4596,25.678,73.98,78,82,7.09
333,Xining,CN,2022-06-08 17:18:40,36.6167,101.7667,50.32,82,100,3.18
334,Touros,BR,2022-06-08 17:18:41,-5.1989,-35.4608,83.55,67,34,11.65
335,Katsuura,JP,2022-06-08 17:18:41,35.1333,140.3,63.77,91,92,12.3
336,Riyadh,SA,2022-06-08 17:15:39,24.6877,46.7219,102.34,6,0,6.64
337,Songjianghe,CN,2022-06-08 17:18:41,42.1859,127.479,46.35,97,81,3.8
338,Trincomalee,LK,2022-06-08 17:18:42,8.5711,81.2335,82.0,72,87,20.02
339,Aljezur,PT,2022-06-08 17:18:42,37.3191,-8.8033,71.33,74,100,16.84
340,Hamilton,US,2022-06-08 17:14:17,39.1834,-84.5333,81.9,70,40,11.5
341,Taguatinga,BR,2022-06-08 17:18:42,-12.3857,-46.5711,94.68,18,1,0.72
342,Kautokeino,NO,2022-06-08 17:18:43,69.0125,23.0412,50.72,35,64,12.86
343,Launceston,AU,2022-06-08 17:18:43,-41.45,147.1667,48.79,85,100,5.75
344,Maarianhamina,AX,2022-06-08 17:18:43,60.0973,19.9348,57.06,82,0,17.27
345,Makubetsu,JP,2022-06-08 17:18:44,45.3714,141.8211,43.63,92,77,7.47
346,Jardim,BR,2022-06-08 17:18:44,-21.4803,-56.1381,83.7,48,73,1.9
347,Codrington,AU,2022-06-08 17:18:44,-38.2667,141.9667,51.22,77,100,19.08
348,Kamyshevatskaya,RU,2022-06-08 17:18:45,46.4132,37.9563,73.89,57,81,15.39
349,Vila Velha,BR,2022-06-08 17:18:45,-20.3297,-40.2925,80.55,77,0,6.91
350,Zhangzhou,CN,2022-06-08 17:18:46,24.5133,117.6556,71.53,98,100,2.08
351,Morant Bay,JM,2022-06-08 17:18:46,17.8815,-76.4093,91.71,74,87,11.45
352,Kannur,IN,2022-06-08 17:18:46,11.8675,75.3576,79.07,87,90,8.72
353,Tacuarembo,UY,2022-06-08 17:18:46,-31.7333,-55.9833,63.36,75,71,2.66
354,Tacoronte,ES,2022-06-08 17:17:19,28.4769,-16.4102,79.12,49,0,6.91
355,Kahului,US,2022-06-08 17:18:47,20.8947,-156.47,76.84,69,40,8.01
356,Jalu,LY,2022-06-08 17:18:47,29.0331,21.5482,97.95,17,0,15.14
357,Port Macquarie,AU,2022-06-08 17:14:22,-31.4333,152.9167,37.89,77,0,6.67
358,Qeshm,IR,2022-06-08 17:18:48,26.9581,56.2719,89.47,67,0,6.82
359,Padang,ID,2022-06-08 17:18:48,-0.9492,100.3543,77.16,88,100,4.34
360,Lata,PT,2022-06-08 17:18:48,40.1629,-8.3327,73.08,68,99,10.09
361,Ojo Caliente,MX,2022-06-08 17:18:49,22.5708,-102.2519,82.89,19,14,7.58
362,Luau,AO,2022-06-08 17:18:49,-10.7073,22.2247,64.58,37,39,4.36
363,Alice Springs,AU,2022-06-08 17:18:49,-23.7,133.8833,36.95,93,7,0.0
364,Touba,CI,2022-06-08 17:18:50,8.2833,-7.6833,83.71,57,69,0.69
365,Saint-Augustin,CA,2022-06-08 17:18:50,51.226,-58.6502,61.36,35,86,11.95
366,Araouane,ML,2022-06-08 17:18:50,18.9048,-3.5265,107.47,10,4,4.07
367,Amahai,ID,2022-06-08 17:18:51,-3.3333,128.9167,78.12,86,52,3.29
368,Sioux Lookout,CA,2022-06-08 17:16:40,50.1001,-91.917,68.07,34,75,11.5
369,Vastse-Kuuste,EE,2022-06-08 17:19:51,58.1669,26.9343,58.84,99,100,2.57
370,Wajir,KE,2022-06-08 17:19:52,1.7471,40.0573,85.41,40,69,14.76
371,Baiyin,CN,2022-06-08 17:19:52,36.5583,104.2081,63.1,55,100,16.87
372,Nome,US,2022-06-08 17:19:52,64.5011,-165.4064,57.16,71,0,3.44
373,Suntar,RU,2022-06-08 17:19:52,62.1444,117.6319,54.57,76,55,4.0
374,Grindavik,IS,2022-06-08 17:19:53,63.8424,-22.4338,55.35,82,75,3.44
375,Esperance,AU,2022-06-08 17:19:53,-33.8667,121.9,51.26,84,74,13.42
376,Tura,IN,2022-06-08 17:19:53,25.5198,90.2201,73.9,97,100,6.69
377,Boa Vista,BR,2022-06-08 17:19:54,2.8197,-60.6733,85.98,58,75,4.61
378,Akyab,MM,2022-06-08 17:19:54,20.15,92.9,81.14,80,89,6.29
379,Berezanka,UA,2022-06-08 17:19:54,46.8526,31.388,74.59,50,83,6.17
380,Derzhavinsk,KZ,2022-06-08 17:19:55,51.1,66.3167,66.16,42,54,9.04
381,Taywarah,AF,2022-06-08 17:19:55,33.35,64.4167,58.23,20,0,6.51
382,Zabid,YE,2022-06-08 17:19:55,14.1951,43.3152,92.82,35,60,1.99
383,Mahebourg,MU,2022-06-08 17:19:55,-20.4081,57.7,71.89,83,40,4.61
384,Tommot,RU,2022-06-08 17:19:56,58.9564,126.2925,56.53,78,82,2.01
385,Zhigansk,RU,2022-06-08 17:19:56,66.7697,123.3711,58.05,60,64,4.36
386,Diu,IN,2022-06-08 17:19:56,20.7141,70.9822,84.56,80,0,14.14
387,Bubaque,GW,2022-06-08 17:18:14,11.2833,-15.8333,81.36,78,14,9.89
388,Billings,US,2022-06-08 17:19:57,45.7833,-108.5007,65.66,67,40,8.05
389,Gizo,SB,2022-06-08 17:19:57,-8.103,156.8419,80.64,76,99,7.02
390,Kununurra,AU,2022-06-08 17:19:57,-15.7667,128.7333,76.98,31,90,12.66
391,Sibolga,ID,2022-06-08 17:19:58,1.7427,98.7792,76.73,88,86,3.09
392,Yangambi,CD,2022-06-08 17:19:58,0.8102,24.4336,76.17,71,95,3.38
393,Kirakira,SB,2022-06-08 17:19:59,-10.4544,161.9205,76.68,90,100,6.55
394,Bathsheba,BB,2022-06-08 17:19:59,13.2167,-59.5167,88.41,66,40,21.85
395,Douglas,US,2022-06-08 17:16:29,41.3,-96.167,72.52,63,75,9.22
396,Brae,GB,2022-06-08 17:19:59,60.3964,-1.353,51.01,80,99,20.36
397,Qax,AZ,2022-06-08 17:20:00,41.4225,46.9242,70.79,70,12,5.64
398,Opuwo,NA,2022-06-08 17:20:00,-18.0607,13.84,64.22,30,3,10.4
399,Sept-Iles,CA,2022-06-08 17:20:00,50.2001,-66.3821,51.06,90,100,16.11
400,Eureka,US,2022-06-08 17:15:22,40.8021,-124.1637,68.2,73,89,5.01
401,Tomohon,ID,2022-06-08 17:20:01,1.3346,124.8392,65.34,93,83,2.04
402,Carlsbad,US,2022-06-08 17:20:01,33.1581,-117.3506,85.35,76,40,7.0
403,Puri,IN,2022-06-08 17:20:02,19.8,85.85,86.52,90,100,21.72
404,Bakchar,RU,2022-06-08 17:20:02,57.0186,82.0711,45.93,72,86,5.61
405,Manggar,ID,2022-06-08 17:20:03,-2.8833,108.2667,79.92,80,98,3.62
406,Latung,PH,2022-06-08 17:20:03,5.5,120.8833,84.18,70,52,8.48
407,Along,IN,2022-06-08 17:20:03,28.1667,94.7667,73.53,99,98,1.16
408,Chitrakonda,IN,2022-06-08 17:20:04,18.1167,82.0833,86.52,33,89,4.94
409,Aalen,DE,2022-06-08 17:20:04,48.8378,10.0933,59.95,85,100,9.53
410,Tarazona,ES,2022-06-08 17:20:04,41.9,-1.7333,75.02,56,100,15.97
411,Kedrovyy,RU,2022-06-08 17:20:05,56.1667,91.8167,39.87,96,16,1.92
412,Yunyang,CN,2022-06-08 17:20:05,33.4474,112.7142,77.29,50,25,3.6
413,Ossora,RU,2022-06-08 17:20:05,59.2353,163.0719,41.58,95,100,5.3
414,Tuatapere,NZ,2022-06-08 17:21:06,-46.1333,167.6833,43.75,93,100,3.49
415,Cap Malheureux,MU,2022-06-08 17:21:06,-19.9842,57.6142,71.47,76,10,3.0
416,Capelinha,BR,2022-06-08 17:20:17,-17.6914,-42.5158,82.81,24,4,1.25
417,Mogadishu,SO,2022-06-08 17:21:07,2.0371,45.3438,79.36,81,99,19.06
418,Lastoursville,GA,2022-06-08 17:21:07,-0.8143,12.7287,74.26,87,98,3.36
419,Kieta,PG,2022-06-08 17:21:07,-6.2167,155.6333,76.64,83,99,2.84
420,Konstantinovka,RU,2022-06-08 17:21:08,49.6167,127.9833,58.19,81,66,5.75
421,Sinnamary,GF,2022-06-08 17:21:08,5.3833,-52.95,81.37,82,84,9.53
422,Prieta,HN,2022-06-08 17:21:08,15.5833,-86.1833,96.42,40,95,1.41
423,Benguela,AO,2022-06-08 17:21:09,-12.5763,13.4055,74.37,62,51,0.72
424,Santa Isabel Do Rio Negro,BR,2022-06-08 17:21:09,-0.4139,-65.0192,86.36,65,87,4.18
425,Agboville,CI,2022-06-08 17:21:09,5.928,-4.2132,78.01,94,90,4.09
426,Haines Junction,CA,2022-06-08 17:21:10,60.7522,-137.5108,57.15,51,99,1.14
427,Javanrud,IR,2022-06-08 17:21:10,34.7961,46.5172,69.96,25,0,5.08
428,Darab,IR,2022-06-08 17:21:10,28.7519,54.5444,93.38,13,81,5.06
429,Kirando,TZ,2022-06-08 17:21:11,-7.4167,30.6,72.41,57,34,3.83
430,Birjand,IR,2022-06-08 17:21:11,32.8663,59.2211,81.07,9,0,6.91
431,Buala,SB,2022-06-08 17:21:11,-8.145,159.5921,78.71,82,98,3.71
432,Lazaro Cardenas,MX,2022-06-08 17:21:12,17.9583,-102.2,85.84,55,60,8.05
433,Skjervoy,NO,2022-06-08 17:21:12,70.0311,20.9714,48.2,81,66,22.46
434,Mount Isa,AU,2022-06-08 17:21:12,-20.7333,139.5,42.57,70,74,0.0
435,Yarada,IN,2022-06-08 17:21:12,17.65,83.2667,86.32,84,40,5.75
436,Moron,AR,2022-06-08 17:21:13,-34.6534,-58.6198,63.01,63,0,2.33
437,Iraquara,BR,2022-06-08 17:21:13,-12.2486,-41.6194,78.51,26,0,5.1
438,Bachaquero,VE,2022-06-08 17:21:13,9.9694,-71.1494,86.09,65,69,6.78
439,Mabaruma,GY,2022-06-08 17:21:14,8.2,-59.7833,82.24,78,60,5.99
440,Larvik,NO,2022-06-08 17:20:16,59.0533,10.0352,63.05,77,75,10.36
441,High Prairie,CA,2022-06-08 17:21:14,55.4334,-116.4858,63.48,58,72,12.12
442,Bolshoye Selo,RU,2022-06-08 17:21:14,57.7177,38.9334,57.16,69,3,3.04
443,Brownsville,US,2022-06-08 17:21:15,25.9018,-97.4975,92.08,67,75,13.8
444,Guerrero Negro,MX,2022-06-08 17:21:15,27.9769,-114.0611,68.54,65,90,9.8
445,Pokhara,NP,2022-06-08 17:21:15,28.2333,83.9833,76.23,71,96,6.24
446,Vargem Grande Do Sul,BR,2022-06-08 17:21:16,-21.8322,-46.8936,77.45,66,98,3.49
447,Muzhi,RU,2022-06-08 17:21:16,65.3667,64.6667,63.61,41,84,5.86
448,Burnie,AU,2022-06-08 17:21:16,-41.0667,145.9167,50.92,71,99,18.48
449,Marsa Matruh,EG,2022-06-08 17:21:17,31.3525,27.2453,75.61,70,0,14.23
450,Westport,US,2022-06-08 17:18:20,41.1415,-73.3579,83.16,48,20,8.05
451,Sambava,MG,2022-06-08 17:21:17,-14.2667,50.1667,74.46,81,14,14.85
452,Pitimbu,BR,2022-06-08 17:21:17,-7.4706,-34.8086,84.79,76,90,9.75
453,Somerset,US,2022-06-08 17:21:18,40.5668,-74.5496,84.61,54,20,10.36
454,Seminole,US,2022-06-08 17:20:23,28.7086,-81.2081,95.41,53,40,4.61
455,Dongsheng,CN,2022-06-08 17:21:18,39.8161,109.9776,67.51,20,8,7.61
456,Bambanglipuro,ID,2022-06-08 17:21:18,-7.95,110.2833,77.27,87,100,2.39
457,Saposoa,PE,2022-06-08 17:21:19,-6.934,-76.7716,85.01,63,97,3.29
458,Ola,RU,2022-06-08 17:21:19,59.5833,151.2833,41.14,89,99,3.58
459,Liepaja,LV,2022-06-08 17:21:19,56.5419,21.0367,60.78,88,20,8.05
460,Provost,CA,2022-06-08 17:22:20,52.3501,-110.2683,68.45,42,98,10.76
461,Caravelas,BR,2022-06-08 17:22:20,-17.7125,-39.2481,83.03,45,0,7.81
462,Teguldet,RU,2022-06-08 17:22:20,57.3064,88.1667,40.5,87,27,3.94
463,Mayumba,GA,2022-06-08 17:22:21,-3.432,10.6554,75.83,83,47,5.57
464,Taft,IR,2022-06-08 17:22:21,31.7471,54.2088,89.55,10,6,2.3
465,Ambunti,PG,2022-06-08 17:22:21,-4.2365,142.8448,73.02,99,100,2.19
466,Nara,JP,2022-06-08 17:22:22,34.6851,135.8049,64.49,60,80,2.64
467,Dharchula,IN,2022-06-08 17:22:22,29.85,80.5333,76.6,33,65,5.35
468,Chapada Dos Guimaraes,BR,2022-06-08 17:22:22,-15.4606,-55.7497,67.66,41,62,7.2
469,Te Anau,NZ,2022-06-08 17:22:23,-45.4167,167.7167,43.03,92,92,2.13
470,Ostrovnoy,RU,2022-06-08 17:22:23,68.0531,39.5131,58.48,47,96,12.01
471,Bandarbeyla,SO,2022-06-08 17:22:23,9.4942,50.8122,80.53,73,77,30.06
472,Clinton,US,2022-06-08 17:18:23,42.587,-82.9199,71.22,66,100,8.05
473,Biak,ID,2022-06-08 17:22:24,-0.9131,122.8766,76.3,85,86,2.93
474,Ust-Tsilma,RU,2022-06-08 17:22:24,65.441,52.1498,66.58,46,72,7.9
475,Manaure,CO,2022-06-08 17:22:24,11.7751,-72.4445,88.59,55,51,22.39
476,Port Hardy,CA,2022-06-08 17:22:25,50.6996,-127.4199,60.98,55,75,10.36
477,Armidale,AU,2022-06-08 17:22:25,-30.5167,151.65,27.77,97,0,4.18
478,Mecca,SA,2022-06-08 17:22:25,21.4267,39.8261,95.47,24,12,6.69
479,Kuloy,RU,2022-06-08 17:22:25,61.0305,42.4925,61.56,59,0,2.91
480,Chippewa Falls,US,2022-06-08 17:20:02,44.9369,-91.3929,72.37,55,100,4.61
481,Arman,RU,2022-06-08 17:22:26,59.7,150.1667,41.02,92,90,3.38
482,Takhtamygda,RU,2022-06-08 17:22:26,54.1,123.5667,59.99,69,75,1.5
483,Trelew,AR,2022-06-08 17:22:26,-43.249,-65.3051,60.87,34,21,18.79
484,Shirgaon,IN,2022-06-08 17:22:27,19.7,72.7,84.61,84,71,10.27
485,Hasaki,JP,2022-06-08 17:22:27,35.7333,140.8333,61.29,86,100,14.16
486,Wilmington,US,2022-06-08 17:20:42,34.2257,-77.9447,90.93,63,75,8.05
487,Buenos Aires,AR,2022-06-08 17:18:26,-34.6132,-58.3772,62.01,70,20,5.75
488,Puerto Escondido,MX,2022-06-08 17:18:32,15.85,-97.0667,86.83,62,75,5.75
489,Qazvin,IR,2022-06-08 17:22:28,36.2797,50.0049,78.42,18,0,2.3
490,Kapoeta,SS,2022-06-08 17:22:28,4.7717,33.5903,77.67,56,90,4.99
491,Kismayo,SO,2022-06-08 17:22:28,-0.3582,42.5454,78.8,80,94,15.9
492,San Carlos De Bariloche,AR,2022-06-08 17:19:04,-41.1456,-71.3082,47.95,61,75,28.77
493,Seybaplaya,MX,2022-06-08 17:22:29,19.65,-90.6667,89.06,60,99,5.12
494,Shelburne,CA,2022-06-08 17:22:29,44.0787,-80.2041,67.3,59,46,3.85
495,Saldanha,ZA,2022-06-08 17:22:29,-33.0117,17.9442,62.65,81,0,9.24
496,Sabang,ID,2022-06-08 17:22:30,5.8933,95.3214,82.87,77,100,9.33
497,Ketchikan,US,2022-06-08 17:22:30,55.3422,-131.6461,55.87,88,100,9.22
498,Antofagasta,CL,2022-06-08 17:22:30,-23.65,-70.4,67.21,54,33,8.48
499,Turukhansk,RU,2022-06-08 17:22:31,65.8167,87.9833,43.23,76,87,3.06
500,Boyolangu,ID,2022-06-08 17:22:31,-8.1181,111.8935,75.47,91,100,1.81
501,Catuday,PH,2022-06-08 17:22:31,16.2923,119.8062,81.91,72,100,2.59
502,Manavgat,TR,2022-06-08 17:22:32,36.7867,31.4431,74.84,76,0,4.32
503,Kloulklubed,PW,2022-06-08 17:22:32,7.0419,134.2556,73.9,69,65,5.14
504,Surubim,BR,2022-06-08 17:22:32,-7.8331,-35.7547,77.23,78,73,8.5
505,Sterling,US,2022-06-08 17:22:32,39.0062,-77.4286,88.18,61,40,5.99
506,Acarau,BR,2022-06-08 17:23:33,-2.8856,-40.12,83.55,68,63,11.97
507,Zhangye,CN,2022-06-08 17:23:33,38.9342,100.4517,71.01,21,91,4.14
508,Itacoatiara,BR,2022-06-08 17:23:33,-3.1431,-58.4442,85.93,70,38,4.27
509,Ipojuca,BR,2022-06-08 17:19:19,-8.3989,-35.0639,84.11,79,46,7.63
510,Estelle,US,2022-06-08 17:23:34,29.8458,-90.1067,93.0,58,75,8.05
511,Marau,BR,2022-06-08 17:23:34,-28.4492,-52.2,66.15,78,53,3.2
512,Longido,TZ,2022-06-08 17:23:34,-2.7333,36.6833,70.97,49,90,10.83
513,Katubao,PH,2022-06-08 17:23:35,5.8892,124.8294,79.0,81,100,4.38
514,Cardston,CA,2022-06-08 17:23:35,49.2,-113.3019,59.29,63,100,2.3
515,Orsha,BY,2022-06-08 17:23:35,54.5153,30.4053,67.08,77,99,7.43
516,Progreso,MX,2022-06-08 17:22:32,21.2833,-89.6667,92.1,55,100,7.16
517,Payo,ID,2022-06-08 17:23:36,-3.7508,103.6372,72.68,98,100,1.92
518,Kysyl-Syr,RU,2022-06-08 17:23:36,63.8986,122.7617,58.41,75,55,1.36
519,Greenville,US,2022-06-08 17:19:29,35.6127,-77.3663,88.12,59,40,6.91
520,Uzventis,LT,2022-06-08 17:23:37,55.7803,22.6547,64.47,82,99,2.24
521,Poronaysk,RU,2022-06-08 17:23:37,49.2167,143.1167,40.59,93,76,6.29
522,Erenhot,CN,2022-06-08 17:23:37,43.6475,111.9767,64.99,35,99,20.36
523,Champerico,GT,2022-06-08 17:23:38,14.3,-91.9167,86.54,73,100,7.43
524,Yuncheng,CN,2022-06-08 17:23:38,35.0231,110.9928,78.96,39,63,6.89
525,Kurilsk,RU,2022-06-08 17:23:38,45.2333,147.8833,41.7,86,93,2.26
526,Bocana De Paiwas,NI,2022-06-08 17:23:39,12.7857,-85.1227,82.54,76,94,6.82
527,Adrar,MR,2022-06-08 17:23:39,20.5022,-10.0711,106.92,10,1,8.97
528,Karonga,MW,2022-06-08 17:23:39,-9.9333,33.9333,69.24,78,14,5.79
529,Guangyuan,CN,2022-06-08 17:23:39,32.442,105.823,71.47,88,83,1.86
530,Ilulissat,GL,2022-06-08 17:23:40,69.2167,-51.1,42.82,61,75,6.91
531,Union,US,2022-06-08 17:22:03,40.6334,-74.2663,85.44,50,40,13.8
532,Empalme,MX,2022-06-08 17:23:40,27.9667,-110.8167,88.36,66,75,11.5
533,Kaka,TM,2022-06-08 17:23:40,37.3482,59.6143,91.78,15,0,2.77
534,Robertson,US,2022-06-08 17:23:41,36.5167,-86.8667,84.54,80,100,10.36
535,Sur,OM,2022-06-08 17:23:41,22.5667,59.5289,88.34,61,0,16.44
536,Basoko,CD,2022-06-08 17:23:41,1.2391,23.616,76.46,71,79,6.11
537,Octeville,FR,2022-06-08 17:23:42,49.6261,-1.6435,61.29,67,75,23.02
538,Calca,PE,2022-06-08 17:23:42,-13.3333,-71.95,67.35,41,67,2.77
539,Tessalit,ML,2022-06-08 17:23:42,20.1986,1.0114,104.86,9,64,8.03
540,Sotouboua,TG,2022-06-08 17:23:43,8.5667,0.9833,89.64,50,58,1.19
541,Okhotsk,RU,2022-06-08 17:23:43,59.3833,143.3,41.4,93,89,5.75
542,Urengoy,RU,2022-06-08 17:23:43,65.9667,78.3667,49.19,48,2,7.18
543,Ballarat,AU,2022-06-08 17:23:44,-37.5662,143.8496,43.59,94,100,9.55
544,Margate,GB,2022-06-08 17:23:44,51.3813,1.3862,64.69,77,39,5.99
545,Pangnirtung,CA,2022-06-08 17:23:44,66.1451,-65.7125,44.6,70,75,16.11
546,Cochrane,CA,2022-06-08 17:23:45,51.1834,-114.4687,64.67,51,40,11.5
547,Gushikawa,JP,2022-06-08 17:23:45,26.3544,127.8686,74.43,88,0,0.0
548,Marolambo,MG,2022-06-08 17:23:45,-20.05,48.1167,63.41,98,90,1.19
549,Sumenep,ID,2022-06-08 17:23:46,-7.0167,113.8667,80.28,83,99,7.31
550,Sarahan,IN,2022-06-08 17:24:46,31.5167,77.8,67.75,32,99,2.04
551,Alexandria,EG,2022-06-08 17:20:50,31.2156,29.9553,77.09,64,0,11.92
552,Correntina,BR,2022-06-08 17:24:46,-13.3433,-44.6367,91.74,18,2,0.96
553,Arlit,NE,2022-06-08 17:24:47,18.7369,7.3853,102.7,6,0,16.11
554,San Andres,CO,2022-06-08 17:20:09,12.5847,-81.7006,86.02,79,20,5.75
555,Dauphin,CA,2022-06-08 17:24:47,51.1494,-100.0502,69.94,32,75,6.91
556,Comodoro Rivadavia,AR,2022-06-08 17:24:47,-45.8667,-67.5,58.86,41,0,24.16
557,Pailon,BO,2022-06-08 17:24:48,-17.65,-62.75,81.5,70,98,4.94
558,Houma,US,2022-06-08 17:20:04,29.5958,-90.7195,91.99,65,40,6.91
559,Amberley,US,2022-06-08 17:24:48,39.2048,-84.428,81.99,69,40,9.22
560,Terbuny,RU,2022-06-08 17:24:48,52.1389,38.2789,63.0,66,22,1.9
